<?xml version="1.0" encoding="UTF-8"?>
<project-private xmlns="http://www.netbeans.org/ns/project-private/1">
    <editor-bookmarks xmlns="http://www.netbeans.org/ns/editor-bookmarks/2" lastBookmarkId="1">
        <file>
            <url>src/bookstoreapp/BookStore.java</url>
            <bookmark id="1">
                <name/>
                <line>37</line>
                <key/>
            </bookmark>
        </file>
    </editor-bookmarks>
    <open-files xmlns="http://www.netbeans.org/ns/projectui-open-files/2">
        <group>
            <file>file:/C:/Users/venka/Documents/Projects/NetBeansProjects/BookStoreApp/src/bookstoreapp/BookStore.java</file>
            <file>file:/C:/Users/venka/Documents/Projects/NetBeansProjects/BookStoreApp/src/bookstoreapp/CustomerStartScreen.java</file>
            <file>file:/C:/Users/venka/Documents/Projects/NetBeansProjects/BookStoreApp/src/bookstoreapp/books.txt</file>
            <file>file:/C:/Users/venka/Documents/Projects/NetBeansProjects/BookStoreApp/src/bookstoreapp/Book.java</file>
            <file>file:/C:/Users/venka/Documents/Projects/NetBeansProjects/BookStoreApp/src/bookstoreapp/CustomerCostScreen.java</file>
            <file>file:/C:/Users/venka/Documents/Projects/NetBeansProjects/BookStoreApp/src/bookstoreapp/OwnerBooksScreen.java</file>
            <file>file:/C:/Users/venka/Documents/Projects/NetBeansProjects/BookStoreApp/src/bookstoreapp/LoginScreen.java</file>
            <file>file:/C:/Users/venka/Documents/Projects/NetBeansProjects/BookStoreApp/src/bookstoreapp/Customer.java</file>
        </group>
    </open-files>
</project-private>
