<?xml version="1.0" encoding="UTF-8"?>
<project-private xmlns="http://www.netbeans.org/ns/project-private/1">
    <editor-bookmarks xmlns="http://www.netbeans.org/ns/editor-bookmarks/2" lastBookmarkId="0"/>
    <open-files xmlns="http://www.netbeans.org/ns/projectui-open-files/2">
        <group>
            <file>file:/C:/Users/venka/Documents/Projects/NetBeansProjects/BookStoreApp/src/bookstoreapp/BookStore.java</file>
            <file>file:/C:/Users/venka/Documents/Projects/NetBeansProjects/BookStoreApp/src/bookstoreapp/CustomerAdd.java</file>
            <file>file:/C:/Users/venka/Documents/Projects/NetBeansProjects/BookStoreApp/src/bookstoreapp/CustomerStartScreen.java</file>
            <file>file:/C:/Users/venka/Documents/Projects/NetBeansProjects/BookStoreApp/src/bookstoreapp/OwnerStartScreen.java</file>
            <file>file:/C:/Users/venka/Documents/Projects/NetBeansProjects/BookStoreApp/src/bookstoreapp/Screen.java</file>
            <file>file:/C:/Users/venka/Documents/Projects/NetBeansProjects/BookStoreApp/src/bookstoreapp/LoginScreen.java</file>
        </group>
    </open-files>
</project-private>
